-- Users
INSERT INTO User (id, username, role, firstName, lastName, `password`) VALUES (1, 'student', 'STUDENT', 'Example', 'Student', unhex('243261243036246e74756a706f424d6b505a47355373537758314a39652e6b314c47745a32386a5131496644785644575944366264615a3464355971'));
INSERT INTO User (id, username, role, firstName, lastName, `password`) VALUES (2, 'teacher', 'TEACHER', 'Example', 'Teacher',  unhex('243261243036244242524256617178486c456c623331343333612e664f4f4f633945725a37315934586750422f33527954543136645a70774945394b'));
-- user=student pw=asd user=teacher pw=asdasd
INSERT INTO User (id, username, role, firstName, lastName, `password`) VALUES (3, 'EricPerez3', 'STUDENT', 'Eric', 'Perez', unhex('243261243036246e74756a706f424d6b505a47355373537758314a39652e6b314c47745a32386a5131496644785644575944366264615a3464355971'));
INSERT INTO User (id, username, role, firstName, lastName, `password`) VALUES (4, 'JamesSmith4', 'STUDENT', 'James', 'Smith', unhex('243261243036246e74756a706f424d6b505a47355373537758314a39652e6b314c47745a32386a5131496644785644575944366264615a3464355971'));
INSERT INTO User (id, username, role, firstName, lastName, `password`) VALUES (5, 'JoseWright5', 'STUDENT', 'Jose', 'Wright', unhex('243261243036246e74756a706f424d6b505a47355373537758314a39652e6b314c47745a32386a5131496644785644575944366264615a3464355971'));
INSERT INTO User (id, username, role, firstName, lastName, `password`) VALUES (6, 'JoanBennet6', 'STUDENT', 'Joan', 'Bennet', unhex('243261243036246e74756a706f424d6b505a47355373537758314a39652e6b314c47745a32386a5131496644785644575944366264615a3464355971'));
INSERT INTO User (id, username, role, firstName, lastName, `password`) VALUES (7, 'BeverlyFlores7', 'STUDENT', 'Beverly', 'Flores', unhex('243261243036246e74756a706f424d6b505a47355373537758314a39652e6b314c47745a32386a5131496644785644575944366264615a3464355971'));
INSERT INTO User (id, username, role, firstName, lastName, `password`) VALUES (8, 'WillieTorres8', 'STUDENT', 'Willie', 'Torres', unhex('243261243036246e74756a706f424d6b505a47355373537758314a39652e6b314c47745a32386a5131496644785644575944366264615a3464355971'));
INSERT INTO User (id, username, role, firstName, lastName, `password`) VALUES (9, 'EricFlores9', 'STUDENT', 'Eric', 'Flores', unhex('243261243036246e74756a706f424d6b505a47355373537758314a39652e6b314c47745a32386a5131496644785644575944366264615a3464355971'));
INSERT INTO User (id, username, role, firstName, lastName, `password`) VALUES (10, 'StevenNelson10', 'STUDENT', 'Steven', 'Nelson', unhex('243261243036246e74756a706f424d6b505a47355373537758314a39652e6b314c47745a32386a5131496644785644575944366264615a3464355971'));
INSERT INTO User (id, username, role, firstName, lastName, `password`) VALUES (11, 'HelenHoward11', 'STUDENT', 'Helen', 'Howard', unhex('243261243036246e74756a706f424d6b505a47355373537758314a39652e6b314c47745a32386a5131496644785644575944366264615a3464355971'));
INSERT INTO User (id, username, role, firstName, lastName, `password`) VALUES (12, 'EricWashington12', 'STUDENT', 'Eric', 'Washington', unhex('243261243036246e74756a706f424d6b505a47355373537758314a39652e6b314c47745a32386a5131496644785644575944366264615a3464355971'));
INSERT INTO User (id, username, role, firstName, lastName, `password`) VALUES (13, 'BettyWashington13', 'STUDENT', 'Betty', 'Washington', unhex('243261243036246e74756a706f424d6b505a47355373537758314a39652e6b314c47745a32386a5131496644785644575944366264615a3464355971'));
INSERT INTO User (id, username, role, firstName, lastName, `password`) VALUES (14, 'IreneNelson14', 'STUDENT', 'Irene', 'Nelson', unhex('243261243036246e74756a706f424d6b505a47355373537758314a39652e6b314c47745a32386a5131496644785644575944366264615a3464355971'));
INSERT INTO User (id, username, role, firstName, lastName, `password`) VALUES (15, 'JamesNelson15', 'STUDENT', 'James', 'Nelson', unhex('243261243036246e74756a706f424d6b505a47355373537758314a39652e6b314c47745a32386a5131496644785644575944366264615a3464355971'));
INSERT INTO User (id, username, role, firstName, lastName, `password`) VALUES (16, 'JuliaWashington16', 'STUDENT', 'Julia', 'Washington', unhex('243261243036246e74756a706f424d6b505a47355373537758314a39652e6b314c47745a32386a5131496644785644575944366264615a3464355971'));
INSERT INTO User (id, username, role, firstName, lastName, `password`) VALUES (17, 'JamesBailey17', 'STUDENT', 'James', 'Bailey', unhex('243261243036246e74756a706f424d6b505a47355373537758314a39652e6b314c47745a32386a5131496644785644575944366264615a3464355971'));
INSERT INTO User (id, username, role, firstName, lastName, `password`) VALUES (18, 'AnnieColeman18', 'STUDENT', 'Annie', 'Coleman', unhex('243261243036246e74756a706f424d6b505a47355373537758314a39652e6b314c47745a32386a5131496644785644575944366264615a3464355971'));
INSERT INTO User (id, username, role, firstName, lastName, `password`) VALUES (19, 'KathleenNelson19', 'STUDENT', 'Kathleen', 'Nelson', unhex('243261243036246e74756a706f424d6b505a47355373537758314a39652e6b314c47745a32386a5131496644785644575944366264615a3464355971'));
INSERT INTO User (id, username, role, firstName, lastName, `password`) VALUES (20, 'KathleenMartinez20', 'STUDENT', 'Kathleen', 'Martinez', unhex('243261243036246e74756a706f424d6b505a47355373537758314a39652e6b314c47745a32386a5131496644785644575944366264615a3464355971'));
INSERT INTO User (id, username, role, firstName, lastName, `password`) VALUES (21, 'BillyHoward21', 'STUDENT', 'Billy', 'Howard', unhex('243261243036246e74756a706f424d6b505a47355373537758314a39652e6b314c47745a32386a5131496644785644575944366264615a3464355971'));
INSERT INTO User (id, username, role, firstName, lastName, `password`) VALUES (22, 'DorothySimmons22', 'STUDENT', 'Dorothy', 'Simmons', unhex('243261243036246e74756a706f424d6b505a47355373537758314a39652e6b314c47745a32386a5131496644785644575944366264615a3464355971'));
INSERT INTO User (id, username, role, firstName, lastName, `password`) VALUES (23, 'BruceCampell23', 'STUDENT', 'Bruce', 'Campell', unhex('243261243036246e74756a706f424d6b505a47355373537758314a39652e6b314c47745a32386a5131496644785644575944366264615a3464355971'));
INSERT INTO User (id, username, role, firstName, lastName, `password`) VALUES (24, 'WillieBennet24', 'STUDENT', 'Willie', 'Bennet', unhex('243261243036246e74756a706f424d6b505a47355373537758314a39652e6b314c47745a32386a5131496644785644575944366264615a3464355971'));
INSERT INTO User (id, username, role, firstName, lastName, `password`) VALUES (25, 'PatriciaScott25', 'STUDENT', 'Patricia', 'Scott', unhex('243261243036246e74756a706f424d6b505a47355373537758314a39652e6b314c47745a32386a5131496644785644575944366264615a3464355971'));
INSERT INTO User (id, username, role, firstName, lastName, `password`) VALUES (26, 'WillieKing26', 'STUDENT', 'Willie', 'King', unhex('243261243036246e74756a706f424d6b505a47355373537758314a39652e6b314c47745a32386a5131496644785644575944366264615a3464355971'));
INSERT INTO User (id, username, role, firstName, lastName, `password`) VALUES (27, 'GeraldBailey27', 'STUDENT', 'Gerald', 'Bailey', unhex('243261243036246e74756a706f424d6b505a47355373537758314a39652e6b314c47745a32386a5131496644785644575944366264615a3464355971'));
INSERT INTO User (id, username, role, firstName, lastName, `password`) VALUES (28, 'BruceScott28', 'STUDENT', 'Bruce', 'Scott', unhex('243261243036246e74756a706f424d6b505a47355373537758314a39652e6b314c47745a32386a5131496644785644575944366264615a3464355971'));
INSERT INTO User (id, username, role, firstName, lastName, `password`) VALUES (29, 'HelenWashington29', 'STUDENT', 'Helen', 'Washington', unhex('243261243036246e74756a706f424d6b505a47355373537758314a39652e6b314c47745a32386a5131496644785644575944366264615a3464355971'));
INSERT INTO User (id, username, role, firstName, lastName, `password`) VALUES (30, 'KathleenBarnes30', 'STUDENT', 'Kathleen', 'Barnes', unhex('243261243036246e74756a706f424d6b505a47355373537758314a39652e6b314c47745a32386a5131496644785644575944366264615a3464355971'));
INSERT INTO User (id, username, role, firstName, lastName, `password`) VALUES (31, 'JerryPatterson31', 'STUDENT', 'Jerry', 'Patterson', unhex('243261243036246e74756a706f424d6b505a47355373537758314a39652e6b314c47745a32386a5131496644785644575944366264615a3464355971'));
INSERT INTO User (id, username, role, firstName, lastName, `password`) VALUES (32, 'MichelleAlexander32', 'STUDENT', 'Michelle', 'Alexander', unhex('243261243036246e74756a706f424d6b505a47355373537758314a39652e6b314c47745a32386a5131496644785644575944366264615a3464355971'));
INSERT INTO User (id, username, role, firstName, lastName, `password`) VALUES (33, 'EricAllen33', 'STUDENT', 'Eric', 'Allen', unhex('243261243036246e74756a706f424d6b505a47355373537758314a39652e6b314c47745a32386a5131496644785644575944366264615a3464355971'));
INSERT INTO User (id, username, role, firstName, lastName, `password`) VALUES (34, 'LouisHernandez34', 'STUDENT', 'Louis', 'Hernandez', unhex('243261243036246e74756a706f424d6b505a47355373537758314a39652e6b314c47745a32386a5131496644785644575944366264615a3464355971'));
INSERT INTO User (id, username, role, firstName, lastName, `password`) VALUES (35, 'EricAllen35', 'STUDENT', 'Eric', 'Allen', unhex('243261243036246e74756a706f424d6b505a47355373537758314a39652e6b314c47745a32386a5131496644785644575944366264615a3464355971'));
INSERT INTO User (id, username, role, firstName, lastName, `password`) VALUES (36, 'RogerHill36', 'STUDENT', 'Roger', 'Hill', unhex('243261243036246e74756a706f424d6b505a47355373537758314a39652e6b314c47745a32386a5131496644785644575944366264615a3464355971'));
INSERT INTO User (id, username, role, firstName, lastName, `password`) VALUES (37, 'JamesDavis37', 'STUDENT', 'James', 'Davis', unhex('243261243036246e74756a706f424d6b505a47355373537758314a39652e6b314c47745a32386a5131496644785644575944366264615a3464355971'));
INSERT INTO User (id, username, role, firstName, lastName, `password`) VALUES (38, 'GeraldCampell38', 'STUDENT', 'Gerald', 'Campell', unhex('243261243036246e74756a706f424d6b505a47355373537758314a39652e6b314c47745a32386a5131496644785644575944366264615a3464355971'));
INSERT INTO User (id, username, role, firstName, lastName, `password`) VALUES (39, 'RussellPatterson39', 'STUDENT', 'Russell', 'Patterson', unhex('243261243036246e74756a706f424d6b505a47355373537758314a39652e6b314c47745a32386a5131496644785644575944366264615a3464355971'));
INSERT INTO User (id, username, role, firstName, lastName, `password`) VALUES (40, 'BillyWashington40', 'STUDENT', 'Billy', 'Washington', unhex('243261243036246e74756a706f424d6b505a47355373537758314a39652e6b314c47745a32386a5131496644785644575944366264615a3464355971'));
INSERT INTO User (id, username, role, firstName, lastName, `password`) VALUES (41, 'JuliaWright41', 'STUDENT', 'Julia', 'Wright', unhex('243261243036246e74756a706f424d6b505a47355373537758314a39652e6b314c47745a32386a5131496644785644575944366264615a3464355971'));
INSERT INTO User (id, username, role, firstName, lastName, `password`) VALUES (42, 'BeverlyNelson42', 'STUDENT', 'Beverly', 'Nelson', unhex('243261243036246e74756a706f424d6b505a47355373537758314a39652e6b314c47745a32386a5131496644785644575944366264615a3464355971'));
INSERT INTO User (id, username, role, firstName, lastName, `password`) VALUES (43, 'RogerBarnes43', 'STUDENT', 'Roger', 'Barnes', unhex('243261243036246e74756a706f424d6b505a47355373537758314a39652e6b314c47745a32386a5131496644785644575944366264615a3464355971'));
INSERT INTO User (id, username, role, firstName, lastName, `password`) VALUES (44, 'JamesScott44', 'STUDENT', 'James', 'Scott', unhex('243261243036246e74756a706f424d6b505a47355373537758314a39652e6b314c47745a32386a5131496644785644575944366264615a3464355971'));
INSERT INTO User (id, username, role, firstName, lastName, `password`) VALUES (45, 'BillyPatterson45', 'STUDENT', 'Billy', 'Patterson', unhex('243261243036246e74756a706f424d6b505a47355373537758314a39652e6b314c47745a32386a5131496644785644575944366264615a3464355971'));
INSERT INTO User (id, username, role, firstName, lastName, `password`) VALUES (46, 'BrandonColeman46', 'STUDENT', 'Brandon', 'Coleman', unhex('243261243036246e74756a706f424d6b505a47355373537758314a39652e6b314c47745a32386a5131496644785644575944366264615a3464355971'));
INSERT INTO User (id, username, role, firstName, lastName, `password`) VALUES (47, 'GeraldLee47', 'STUDENT', 'Gerald', 'Lee', unhex('243261243036246e74756a706f424d6b505a47355373537758314a39652e6b314c47745a32386a5131496644785644575944366264615a3464355971'));
INSERT INTO User (id, username, role, firstName, lastName, `password`) VALUES (48, 'JoshuaGonzales48', 'STUDENT', 'Joshua', 'Gonzales', unhex('243261243036246e74756a706f424d6b505a47355373537758314a39652e6b314c47745a32386a5131496644785644575944366264615a3464355971'));
INSERT INTO User (id, username, role, firstName, lastName, `password`) VALUES (49, 'IreneHoward49', 'STUDENT', 'Irene', 'Howard', unhex('243261243036246e74756a706f424d6b505a47355373537758314a39652e6b314c47745a32386a5131496644785644575944366264615a3464355971'));
INSERT INTO User (id, username, role, firstName, lastName, `password`) VALUES (50, 'DorothyFlores50', 'STUDENT', 'Dorothy', 'Flores', unhex('243261243036246e74756a706f424d6b505a47355373537758314a39652e6b314c47745a32386a5131496644785644575944366264615a3464355971'));
INSERT INTO User (id, username, role, firstName, lastName, `password`) VALUES (51, 'JuliaFlores51', 'STUDENT', 'Julia', 'Flores', unhex('243261243036246e74756a706f424d6b505a47355373537758314a39652e6b314c47745a32386a5131496644785644575944366264615a3464355971'));
INSERT INTO User (id, username, role, firstName, lastName, `password`) VALUES (52, 'AnniePatterson52', 'STUDENT', 'Annie', 'Patterson', unhex('243261243036246e74756a706f424d6b505a47355373537758314a39652e6b314c47745a32386a5131496644785644575944366264615a3464355971'));
INSERT INTO User (id, username, role, firstName, lastName, `password`) VALUES (53, 'MaryCooper53', 'STUDENT', 'Mary', 'Cooper', unhex('243261243036246e74756a706f424d6b505a47355373537758314a39652e6b314c47745a32386a5131496644785644575944366264615a3464355971'));
INSERT INTO User (id, username, role, firstName, lastName, `password`) VALUES (54, 'JoshuaBryant54', 'STUDENT', 'Joshua', 'Bryant', unhex('243261243036246e74756a706f424d6b505a47355373537758314a39652e6b314c47745a32386a5131496644785644575944366264615a3464355971'));
INSERT INTO User (id, username, role, firstName, lastName, `password`) VALUES (55, 'JamesPhillips55', 'STUDENT', 'James', 'Phillips', unhex('243261243036246e74756a706f424d6b505a47355373537758314a39652e6b314c47745a32386a5131496644785644575944366264615a3464355971'));
INSERT INTO User (id, username, role, firstName, lastName, `password`) VALUES (56, 'KarenEvans56', 'STUDENT', 'Karen', 'Evans', unhex('243261243036246e74756a706f424d6b505a47355373537758314a39652e6b314c47745a32386a5131496644785644575944366264615a3464355971'));
INSERT INTO User (id, username, role, firstName, lastName, `password`) VALUES (57, 'BettyHill57', 'STUDENT', 'Betty', 'Hill', unhex('243261243036246e74756a706f424d6b505a47355373537758314a39652e6b314c47745a32386a5131496644785644575944366264615a3464355971'));
INSERT INTO User (id, username, role, firstName, lastName, `password`) VALUES (58, 'RogerGonzales58', 'STUDENT', 'Roger', 'Gonzales', unhex('243261243036246e74756a706f424d6b505a47355373537758314a39652e6b314c47745a32386a5131496644785644575944366264615a3464355971'));
INSERT INTO User (id, username, role, firstName, lastName, `password`) VALUES (59, 'RussellSmith59', 'STUDENT', 'Russell', 'Smith', unhex('243261243036246e74756a706f424d6b505a47355373537758314a39652e6b314c47745a32386a5131496644785644575944366264615a3464355971'));
INSERT INTO User (id, username, role, firstName, lastName, `password`) VALUES (60, 'JuliaNelson60', 'STUDENT', 'Julia', 'Nelson', unhex('243261243036246e74756a706f424d6b505a47355373537758314a39652e6b314c47745a32386a5131496644785644575944366264615a3464355971'));
INSERT INTO User (id, username, role, firstName, lastName, `password`) VALUES (61, 'JerryPatterson61', 'STUDENT', 'Jerry', 'Patterson', unhex('243261243036246e74756a706f424d6b505a47355373537758314a39652e6b314c47745a32386a5131496644785644575944366264615a3464355971'));
INSERT INTO User (id, username, role, firstName, lastName, `password`) VALUES (62, 'KathyWright62', 'STUDENT', 'Kathy', 'Wright', unhex('243261243036246e74756a706f424d6b505a47355373537758314a39652e6b314c47745a32386a5131496644785644575944366264615a3464355971'));
INSERT INTO User (id, username, role, firstName, lastName, `password`) VALUES (63, 'JamesKing63', 'STUDENT', 'James', 'King', unhex('243261243036246e74756a706f424d6b505a47355373537758314a39652e6b314c47745a32386a5131496644785644575944366264615a3464355971'));
INSERT INTO User (id, username, role, firstName, lastName, `password`) VALUES (64, 'DorothyBennet64', 'STUDENT', 'Dorothy', 'Bennet', unhex('243261243036246e74756a706f424d6b505a47355373537758314a39652e6b314c47745a32386a5131496644785644575944366264615a3464355971'));
INSERT INTO User (id, username, role, firstName, lastName, `password`) VALUES (65, 'KarenAllen65', 'STUDENT', 'Karen', 'Allen', unhex('243261243036246e74756a706f424d6b505a47355373537758314a39652e6b314c47745a32386a5131496644785644575944366264615a3464355971'));
INSERT INTO User (id, username, role, firstName, lastName, `password`) VALUES (66, 'KarenColeman66', 'STUDENT', 'Karen', 'Coleman', unhex('243261243036246e74756a706f424d6b505a47355373537758314a39652e6b314c47745a32386a5131496644785644575944366264615a3464355971'));
INSERT INTO User (id, username, role, firstName, lastName, `password`) VALUES (67, 'JamesGonzales67', 'STUDENT', 'James', 'Gonzales', unhex('243261243036246e74756a706f424d6b505a47355373537758314a39652e6b314c47745a32386a5131496644785644575944366264615a3464355971'));
INSERT INTO User (id, username, role, firstName, lastName, `password`) VALUES (68, 'PatriciaNelson68', 'STUDENT', 'Patricia', 'Nelson', unhex('243261243036246e74756a706f424d6b505a47355373537758314a39652e6b314c47745a32386a5131496644785644575944366264615a3464355971'));
INSERT INTO User (id, username, role, firstName, lastName, `password`) VALUES (69, 'IreneBryant69', 'STUDENT', 'Irene', 'Bryant', unhex('243261243036246e74756a706f424d6b505a47355373537758314a39652e6b314c47745a32386a5131496644785644575944366264615a3464355971'));
INSERT INTO User (id, username, role, firstName, lastName, `password`) VALUES (70, 'BillyNelson70', 'STUDENT', 'Billy', 'Nelson', unhex('243261243036246e74756a706f424d6b505a47355373537758314a39652e6b314c47745a32386a5131496644785644575944366264615a3464355971'));
INSERT INTO User (id, username, role, firstName, lastName, `password`) VALUES (71, 'RogerBaker71', 'STUDENT', 'Roger', 'Baker', unhex('243261243036246e74756a706f424d6b505a47355373537758314a39652e6b314c47745a32386a5131496644785644575944366264615a3464355971'));
INSERT INTO User (id, username, role, firstName, lastName, `password`) VALUES (72, 'DonaldDavis72', 'STUDENT', 'Donald', 'Davis', unhex('243261243036246e74756a706f424d6b505a47355373537758314a39652e6b314c47745a32386a5131496644785644575944366264615a3464355971'));
INSERT INTO User (id, username, role, firstName, lastName, `password`) VALUES (73, 'BeverlyGonzales73', 'STUDENT', 'Beverly', 'Gonzales', unhex('243261243036246e74756a706f424d6b505a47355373537758314a39652e6b314c47745a32386a5131496644785644575944366264615a3464355971'));
INSERT INTO User (id, username, role, firstName, lastName, `password`) VALUES (74, 'BillyCooper74', 'STUDENT', 'Billy', 'Cooper', unhex('243261243036246e74756a706f424d6b505a47355373537758314a39652e6b314c47745a32386a5131496644785644575944366264615a3464355971'));
INSERT INTO User (id, username, role, firstName, lastName, `password`) VALUES (75, 'HelenHill75', 'STUDENT', 'Helen', 'Hill', unhex('243261243036246e74756a706f424d6b505a47355373537758314a39652e6b314c47745a32386a5131496644785644575944366264615a3464355971'));
INSERT INTO User (id, username, role, firstName, lastName, `password`) VALUES (76, 'CarolynScott76', 'STUDENT', 'Carolyn', 'Scott', unhex('243261243036246e74756a706f424d6b505a47355373537758314a39652e6b314c47745a32386a5131496644785644575944366264615a3464355971'));
INSERT INTO User (id, username, role, firstName, lastName, `password`) VALUES (77, 'JoanBennet77', 'STUDENT', 'Joan', 'Bennet', unhex('243261243036246e74756a706f424d6b505a47355373537758314a39652e6b314c47745a32386a5131496644785644575944366264615a3464355971'));
INSERT INTO User (id, username, role, firstName, lastName, `password`) VALUES (78, 'HenryTorres78', 'STUDENT', 'Henry', 'Torres', unhex('243261243036246e74756a706f424d6b505a47355373537758314a39652e6b314c47745a32386a5131496644785644575944366264615a3464355971'));
INSERT INTO User (id, username, role, firstName, lastName, `password`) VALUES (79, 'LouisBaker79', 'STUDENT', 'Louis', 'Baker', unhex('243261243036246e74756a706f424d6b505a47355373537758314a39652e6b314c47745a32386a5131496644785644575944366264615a3464355971'));
INSERT INTO User (id, username, role, firstName, lastName, `password`) VALUES (80, 'BrandonColeman80', 'STUDENT', 'Brandon', 'Coleman', unhex('243261243036246e74756a706f424d6b505a47355373537758314a39652e6b314c47745a32386a5131496644785644575944366264615a3464355971'));
INSERT INTO User (id, username, role, firstName, lastName, `password`) VALUES (81, 'MaryNelson81', 'STUDENT', 'Mary', 'Nelson', unhex('243261243036246e74756a706f424d6b505a47355373537758314a39652e6b314c47745a32386a5131496644785644575944366264615a3464355971'));
INSERT INTO User (id, username, role, firstName, lastName, `password`) VALUES (82, 'BrandonDavis82', 'STUDENT', 'Brandon', 'Davis', unhex('243261243036246e74756a706f424d6b505a47355373537758314a39652e6b314c47745a32386a5131496644785644575944366264615a3464355971'));
INSERT INTO User (id, username, role, firstName, lastName, `password`) VALUES (83, 'BettyAlexander83', 'STUDENT', 'Betty', 'Alexander', unhex('243261243036246e74756a706f424d6b505a47355373537758314a39652e6b314c47745a32386a5131496644785644575944366264615a3464355971'));
INSERT INTO User (id, username, role, firstName, lastName, `password`) VALUES (84, 'MaryHernandez84', 'STUDENT', 'Mary', 'Hernandez', unhex('243261243036246e74756a706f424d6b505a47355373537758314a39652e6b314c47745a32386a5131496644785644575944366264615a3464355971'));
INSERT INTO User (id, username, role, firstName, lastName, `password`) VALUES (85, 'MichelleTorres85', 'STUDENT', 'Michelle', 'Torres', unhex('243261243036246e74756a706f424d6b505a47355373537758314a39652e6b314c47745a32386a5131496644785644575944366264615a3464355971'));
INSERT INTO User (id, username, role, firstName, lastName, `password`) VALUES (86, 'DorothyNelson86', 'STUDENT', 'Dorothy', 'Nelson', unhex('243261243036246e74756a706f424d6b505a47355373537758314a39652e6b314c47745a32386a5131496644785644575944366264615a3464355971'));
INSERT INTO User (id, username, role, firstName, lastName, `password`) VALUES (87, 'KarenColeman87', 'STUDENT', 'Karen', 'Coleman', unhex('243261243036246e74756a706f424d6b505a47355373537758314a39652e6b314c47745a32386a5131496644785644575944366264615a3464355971'));
INSERT INTO User (id, username, role, firstName, lastName, `password`) VALUES (88, 'PatriciaBennet88', 'STUDENT', 'Patricia', 'Bennet', unhex('243261243036246e74756a706f424d6b505a47355373537758314a39652e6b314c47745a32386a5131496644785644575944366264615a3464355971'));
INSERT INTO User (id, username, role, firstName, lastName, `password`) VALUES (89, 'BruceScott89', 'STUDENT', 'Bruce', 'Scott', unhex('243261243036246e74756a706f424d6b505a47355373537758314a39652e6b314c47745a32386a5131496644785644575944366264615a3464355971'));
INSERT INTO User (id, username, role, firstName, lastName, `password`) VALUES (90, 'DonaldHill90', 'STUDENT', 'Donald', 'Hill', unhex('243261243036246e74756a706f424d6b505a47355373537758314a39652e6b314c47745a32386a5131496644785644575944366264615a3464355971'));
INSERT INTO User (id, username, role, firstName, lastName, `password`) VALUES (91, 'BillyAllen91', 'STUDENT', 'Billy', 'Allen', unhex('243261243036246e74756a706f424d6b505a47355373537758314a39652e6b314c47745a32386a5131496644785644575944366264615a3464355971'));
INSERT INTO User (id, username, role, firstName, lastName, `password`) VALUES (92, 'JoseBailey92', 'STUDENT', 'Jose', 'Bailey', unhex('243261243036246e74756a706f424d6b505a47355373537758314a39652e6b314c47745a32386a5131496644785644575944366264615a3464355971'));
INSERT INTO User (id, username, role, firstName, lastName, `password`) VALUES (93, 'LouisNelson93', 'STUDENT', 'Louis', 'Nelson', unhex('243261243036246e74756a706f424d6b505a47355373537758314a39652e6b314c47745a32386a5131496644785644575944366264615a3464355971'));
INSERT INTO User (id, username, role, firstName, lastName, `password`) VALUES (94, 'DonaldHernandez94', 'STUDENT', 'Donald', 'Hernandez', unhex('243261243036246e74756a706f424d6b505a47355373537758314a39652e6b314c47745a32386a5131496644785644575944366264615a3464355971'));
INSERT INTO User (id, username, role, firstName, lastName, `password`) VALUES (95, 'JoanTorres95', 'STUDENT', 'Joan', 'Torres', unhex('243261243036246e74756a706f424d6b505a47355373537758314a39652e6b314c47745a32386a5131496644785644575944366264615a3464355971'));
INSERT INTO User (id, username, role, firstName, lastName, `password`) VALUES (96, 'RogerHoward96', 'STUDENT', 'Roger', 'Howard', unhex('243261243036246e74756a706f424d6b505a47355373537758314a39652e6b314c47745a32386a5131496644785644575944366264615a3464355971'));
INSERT INTO User (id, username, role, firstName, lastName, `password`) VALUES (97, 'DonaldAllen97', 'STUDENT', 'Donald', 'Allen', unhex('243261243036246e74756a706f424d6b505a47355373537758314a39652e6b314c47745a32386a5131496644785644575944366264615a3464355971'));
INSERT INTO User (id, username, role, firstName, lastName, `password`) VALUES (98, 'PaulColeman98', 'STUDENT', 'Paul', 'Coleman', unhex('243261243036246e74756a706f424d6b505a47355373537758314a39652e6b314c47745a32386a5131496644785644575944366264615a3464355971'));
INSERT INTO User (id, username, role, firstName, lastName, `password`) VALUES (99, 'BruceBaker99', 'STUDENT', 'Bruce', 'Baker', unhex('243261243036246e74756a706f424d6b505a47355373537758314a39652e6b314c47745a32386a5131496644785644575944366264615a3464355971'));
INSERT INTO User (id, username, role, firstName, lastName, `password`) VALUES (100, 'BettyAllen100', 'STUDENT', 'Betty', 'Allen', unhex('243261243036246e74756a706f424d6b505a47355373537758314a39652e6b314c47745a32386a5131496644785644575944366264615a3464355971'));

-- Authentication
INSERT INTO Authentication (id, token, `user`) VALUES (1, 'asd', 1);
INSERT INTO Authentication (id, token, `user`) VALUES (2, 'qwe', 2);

-- GradeGroups
INSERT INTO GradeGroup (id, `name`, description, solo) VALUES (1, 'Weekly grades', 'Solve a technical problem that involves building user interfaces every week.', 1);
INSERT INTO GradeGroup (id, `name`, description, solo) VALUES (2, 'Prototype 1', 'Build an user interface prototype using HTML/CSS and javascript. Practise designing an user interface and using CSS and javascript.', 0);
INSERT INTO GradeGroup (id, `name`, description, solo) VALUES (3, 'Prototype 2', 'Refine the previous prototype into a complete and usable application. Build a back-end and communicate with it using AJAX calls. ', 0);
INSERT INTO GradeGroup (id, `name`, description, solo) VALUES (4, 'Final test', 'A test with 4 questions, all give 10 points each for a total of 40 points.', 1);

-- Grades
INSERT INTO Grade (id, gradeGroup, `name`, minValue, `maxValue`, linkAllowed) VALUES (1, 1, 'Week 1', 0, 1, 1);
INSERT INTO Grade (id, gradeGroup, `name`, minValue, `maxValue`, linkAllowed) VALUES (2, 1, 'Week 2', 0, 1, 1);
INSERT INTO Grade (id, gradeGroup, `name`, minValue, `maxValue`, linkAllowed) VALUES (3, 1, 'Week 3', 0, 1, 1);
INSERT INTO Grade (id, gradeGroup, `name`, minValue, `maxValue`, linkAllowed) VALUES (4, 1, 'Week 4', 0, 1, 1);
INSERT INTO Grade (id, gradeGroup, `name`, minValue, `maxValue`, linkAllowed) VALUES (5, 1, 'Week 5', 0, 1, 1);
INSERT INTO Grade (id, gradeGroup, `name`, minValue, `maxValue`, linkAllowed) VALUES (6, 1, 'Week 6', 0, 1, 1);
INSERT INTO Grade (id, gradeGroup, `name`, minValue, `maxValue`, linkAllowed) VALUES (7, 1, 'Week 7', 0, 1, 1);
INSERT INTO Grade (id, gradeGroup, `name`, minValue, `maxValue`, linkAllowed) VALUES (8, 1, 'Week 8', 0, 1, 1);
INSERT INTO Grade (id, gradeGroup, `name`, minValue, `maxValue`, linkAllowed) VALUES (9, 1, 'Week 9', 0, 1, 1);
INSERT INTO Grade (id, gradeGroup, `name`, minValue, `maxValue`, linkAllowed) VALUES (10, 1, 'Week 10', 0, 1, 1);
INSERT INTO Grade (id, gradeGroup, `name`, minValue, `maxValue`, linkAllowed) VALUES (11, 1, 'Week 11', 0, 1, 1);
INSERT INTO Grade (id, gradeGroup, `name`, minValue, `maxValue`, linkAllowed) VALUES (12, 1, 'Week 12', 0, 1, 1);
INSERT INTO Grade (id, gradeGroup, `name`, minValue, `maxValue`, linkAllowed) VALUES (13, 1, 'Week 13', 0, 1, 1);
INSERT INTO Grade (id, gradeGroup, `name`, minValue, `maxValue`, linkAllowed) VALUES (14, 1, 'Week 14', 0, 1, 1);
INSERT INTO Grade (id, gradeGroup, `name`, minValue, `maxValue`, linkAllowed) VALUES (15, 1, 'Week 15', 0, 1, 1);
INSERT INTO Grade (id, gradeGroup, `name`, minValue, `maxValue`, linkAllowed) VALUES (16, 1, 'Week 16', 0, 1, 1);

INSERT INTO Grade (id, gradeGroup, `name`, minValue, `maxValue`, linkAllowed) VALUES (17, 2, 'Submitted', 0, 15, 1);
INSERT INTO Grade (id, gradeGroup, `name`, minValue, `maxValue`, linkAllowed) VALUES (18, 2, 'Impression', 0, 2, 0);
INSERT INTO Grade (id, gradeGroup, `name`, minValue, `maxValue`, linkAllowed) VALUES (19, 2, 'Beauty', 0, 2, 0);
INSERT INTO Grade (id, gradeGroup, `name`, minValue, `maxValue`, linkAllowed) VALUES (20, 2, 'Convenience', 0, 2, 0);
INSERT INTO Grade (id, gradeGroup, `name`, minValue, `maxValue`, linkAllowed) VALUES (21, 2, 'Frustration', 0, 2, 0);
INSERT INTO Grade (id, gradeGroup, `name`, minValue, `maxValue`, linkAllowed) VALUES (22, 2, 'Conveying information', 0, 2, 0);
INSERT INTO Grade (id, gradeGroup, `name`, minValue, `maxValue`, linkAllowed) VALUES (23, 2, 'Navigation', 0, 2, 0);
INSERT INTO Grade (id, gradeGroup, `name`, minValue, `maxValue`, linkAllowed) VALUES (24, 2, 'Grading view', 0, 2, 0);
INSERT INTO Grade (id, gradeGroup, `name`, minValue, `maxValue`, linkAllowed) VALUES (25, 2, 'Mobile view', 0, 2, 0);
INSERT INTO Grade (id, gradeGroup, `name`, minValue, `maxValue`, linkAllowed) VALUES (26, 2, 'Refinement', 0, 1, 0);
INSERT INTO Grade (id, gradeGroup, `name`, minValue, `maxValue`, linkAllowed) VALUES (27, 2, 'Cool/surprising', 0, 1, 0);
INSERT INTO Grade (id, gradeGroup, `name`, minValue, `maxValue`, linkAllowed) VALUES (28, 2, 'Plus/minus', -5, 5, 0);
INSERT INTO Grade (id, gradeGroup, `name`, minValue, `maxValue`, linkAllowed) VALUES (29, 2, 'Late', -15, 0, 0);

INSERT INTO Grade (id, gradeGroup, `name`, minValue, `maxValue`, linkAllowed) VALUES (30, 3, 'Bonus from first', 0, 16, 1);
INSERT INTO Grade (id, gradeGroup, `name`, minValue, `maxValue`, linkAllowed) VALUES (31, 3, 'Login', 0, 2, 0);
INSERT INTO Grade (id, gradeGroup, `name`, minValue, `maxValue`, linkAllowed) VALUES (32, 3, 'Students & grades (teacher)', 0, 2, 0);
INSERT INTO Grade (id, gradeGroup, `name`, minValue, `maxValue`, linkAllowed) VALUES (33, 3, 'Student\'s views', 0, 2, 0);
INSERT INTO Grade (id, gradeGroup, `name`, minValue, `maxValue`, linkAllowed) VALUES (34, 3, 'Grading / groups / modification', 0, 2, 0);
INSERT INTO Grade (id, gradeGroup, `name`, minValue, `maxValue`, linkAllowed) VALUES (35, 3, 'Ajax', 0, 2, 0);
INSERT INTO Grade (id, gradeGroup, `name`, minValue, `maxValue`, linkAllowed) VALUES (36, 3, 'Error messages', 0, 2, 0);
INSERT INTO Grade (id, gradeGroup, `name`, minValue, `maxValue`, linkAllowed) VALUES (37, 3, 'Searching / filtering', 0, 2, 0);
INSERT INTO Grade (id, gradeGroup, `name`, minValue, `maxValue`, linkAllowed) VALUES (38, 3, 'Refinement', 0, 2, 0);
INSERT INTO Grade (id, gradeGroup, `name`, minValue, `maxValue`, linkAllowed) VALUES (39, 3, 'Plus/minus', -5, 5, 0);
INSERT INTO Grade (id, gradeGroup, `name`, minValue, `maxValue`, linkAllowed) VALUES (40, 3, 'Late', -15, 0, 0);

INSERT INTO Grade (id, gradeGroup, `name`, minValue, `maxValue`, linkAllowed) VALUES (41, 4, 'Question 1', 0, 10, 0);
INSERT INTO Grade (id, gradeGroup, `name`, minValue, `maxValue`, linkAllowed) VALUES (42, 4, 'Question 2', 0, 10, 0);
INSERT INTO Grade (id, gradeGroup, `name`, minValue, `maxValue`, linkAllowed) VALUES (43, 4, 'Question 3', 0, 10, 0);
INSERT INTO Grade (id, gradeGroup, `name`, minValue, `maxValue`, linkAllowed) VALUES (44, 4, 'Question 4', 0, 10, 0);

-- Links
INSERT INTO Link (id, grade, `user`, url) VALUES (1, 1, 1, 'https://www.eesti.ee');
INSERT INTO Link (id, grade, `user`, url) VALUES (2, 2, 1, 'https://www.neti.ee');
INSERT INTO Link (id, grade, `user`, url) VALUES (3, 17, 1, 'https://www.example.com''');

-- StudentGrades
INSERT INTO StudentGrade (id, `user`, grade, `value`, `comment`) VALUES (1, 1, 1, 1, 'Lorem ipsum dolor sit amet.');
INSERT INTO StudentGrade (id, `user`, grade, `value`, `comment`) VALUES (2, 1, 2, 0, 'Bad');
INSERT INTO StudentGrade (id, `user`, grade, `value`, `comment`) VALUES (3, 1, 3, 1, 'Lorem ipsum dolor sit amet.');
INSERT INTO StudentGrade (id, `user`, grade, `value`, `comment`) VALUES (4, 1, 4, 1, 'Lorem ipsum dolor sit amet.');
INSERT INTO StudentGrade (id, `user`, grade, `value`, `comment`) VALUES (5, 1, 17, 2, 'Lorem ipsum dolor sit amet.');
INSERT INTO StudentGrade (id, `user`, grade, `value`, `comment`) VALUES (6, 1, 18, 0, 'Lorem ipsum dolor sit amet.');
INSERT INTO StudentGrade (id, `user`, grade, `value`, `comment`) VALUES (7, 1, 19, 2, 'Lorem ipsum dolor sit amet.');